round_number,first_prize_numbers,bonus_numbers,draw_date,created_at,updated_at
1,4조162132,278239,2025-06-03,2025-06-03 08:52:50,2025-06-03 08:57:28
2,2조450558,154457,2025-06-03,2025-06-03 08:52:51,2025-06-03 08:57:29
3,4조544955,059369,2025-06-03,2025-06-03 08:52:52,2025-06-03 08:57:31
4,4조124420,221097,2025-06-03,2025-06-03 08:52:53,2025-06-03 08:57:32
5,4조754655,190779,2025-06-03,2025-06-03 08:52:54,2025-06-03 08:57:33
6,5조193202,206460,2025-06-03,2025-06-03 08:52:56,2025-06-03 08:57:34
7,2조597093,482595,2025-06-03,2025-06-03 08:52:57,2025-06-03 08:57:35
8,4조234058,548682,2025-06-03,2025-06-03 08:52:58,2025-06-03 08:57:37
9,3조133510,213240,2025-06-03,2025-06-03 08:52:59,2025-06-03 08:57:38
10,2조770173,064263,2025-06-03,2025-06-03 08:53:00,2025-06-03 08:57:39
11,1조867654,485530,2025-06-03,2025-06-03 08:53:01,2025-06-03 08:57:40
12,5조076676,611004,2025-06-03,2025-06-03 08:53:03,2025-06-03 08:57:41
13,1조669245,880089,2025-06-03,2025-06-03 08:53:04,2025-06-03 08:57:42
14,3조432496,451009,2025-06-03,2025-06-03 08:53:05,2025-06-03 08:57:44
15,4조477238,146282,2025-06-03,2025-06-03 08:53:06,2025-06-03 08:57:45
16,4조664056,657985,2025-06-03,2025-06-03 08:53:07,2025-06-03 08:57:46
17,3조317227,031708,2025-06-03,2025-06-03 08:53:09,2025-06-03 08:57:47
18,1조562222,881980,2025-06-03,2025-06-03 08:53:10,2025-06-03 08:57:48
19,5조859219,411936,2025-06-03,2025-06-03 08:53:11,2025-06-03 08:57:50
20,1조819605,555687,2025-06-03,2025-06-03 08:53:12,2025-06-03 08:57:51
21,1조239937,552317,2025-06-03,2025-06-03 08:53:13,2025-06-03 08:57:52
22,1조913622,362104,2025-06-03,2025-06-03 08:53:14,2025-06-03 08:57:53
23,4조158071,726990,2025-06-03,2025-06-03 08:53:16,2025-06-03 08:57:54
24,2조002989,967939,2025-06-03,2025-06-03 08:53:17,2025-06-03 08:57:55
25,3조463637,386750,2025-06-03,2025-06-03 08:53:18,2025-06-03 08:57:57
26,3조192856,561714,2025-06-03,2025-06-03 08:53:19,2025-06-03 08:57:58
27,5조412008,967142,2025-06-03,2025-06-03 08:53:20,2025-06-03 08:57:59
28,5조080839,378856,2025-06-03,2025-06-03 08:53:22,2025-06-03 08:58:00
29,4조355192,126078,2025-06-03,2025-06-03 08:53:23,2025-06-03 08:58:01
30,3조487215,157190,2025-06-03,2025-06-03 08:53:24,2025-06-03 08:58:03
31,1조771598,997863,2025-06-03,2025-06-03 08:53:25,2025-06-03 08:58:04
32,1조579176,349043,2025-06-03,2025-06-03 08:53:26,2025-06-03 08:58:05
33,4조596219,641687,2025-06-03,2025-06-03 08:53:28,2025-06-03 08:58:06
34,4조977686,832226,2025-06-03,2025-06-03 08:53:29,2025-06-03 08:58:07
35,1조542454,116423,2025-06-03,2025-06-03 08:53:30,2025-06-03 08:58:08
36,4조735757,252663,2025-06-03,2025-06-03 08:53:31,2025-06-03 08:58:10
37,3조453877,466566,2025-06-03,2025-06-03 08:53:33,2025-06-03 08:58:11
38,3조307836,162480,2025-06-03,2025-06-03 08:53:34,2025-06-03 08:58:12
39,1조199137,320718,2025-06-03,2025-06-03 08:53:35,2025-06-03 08:58:13
40,2조631086,585802,2025-06-03,2025-06-03 08:53:36,2025-06-03 08:58:14
41,1조742714,698335,2025-06-03,2025-06-03 08:53:37,2025-06-03 08:58:15
42,4조974231,892243,2025-06-03,2025-06-03 08:53:39,2025-06-03 08:58:17
43,4조589839,890546,2025-06-03,2025-06-03 08:53:40,2025-06-03 08:58:18
44,3조668818,799181,2025-06-03,2025-06-03 08:53:41,2025-06-03 08:58:19
45,2조318754,494221,2025-06-03,2025-06-03 08:53:42,2025-06-03 08:58:20
46,4조010963,710817,2025-06-03,2025-06-03 08:53:43,2025-06-03 08:58:21
47,4조941327,524495,2025-06-03,2025-06-03 08:53:44,2025-06-03 08:58:23
48,1조779363,788642,2025-06-03,2025-06-03 08:53:46,2025-06-03 08:58:24
49,4조305248,191235,2025-06-03,2025-06-03 08:53:47,2025-06-03 08:58:25
50,3조592111,176570,2025-06-03,2025-06-03 08:53:48,2025-06-03 08:58:26
51,2조510012,088185,2025-06-03,2025-06-03 08:53:49,2025-06-03 08:58:27
52,2조597227,297625,2025-06-03,2025-06-03 08:58:28,2025-06-03 08:58:28
53,5조649638,580357,2025-06-03,2025-06-03 08:58:30,2025-06-03 08:58:30
54,5조627054,932535,2025-06-03,2025-06-03 08:58:31,2025-06-03 08:58:31
55,1조477879,495719,2025-06-03,2025-06-03 08:58:32,2025-06-03 08:58:32
56,1조993174,677799,2025-06-03,2025-06-03 08:58:33,2025-06-03 08:58:33
57,2조272286,230295,2025-06-03,2025-06-03 08:58:34,2025-06-03 08:58:34
58,5조939327,551924,2025-06-03,2025-06-03 08:58:35,2025-06-03 08:58:35
59,2조159056,973521,2025-06-03,2025-06-03 08:58:37,2025-06-03 08:58:37
60,5조216510,029163,2025-06-03,2025-06-03 08:58:38,2025-06-03 08:58:38
61,3조575862,602610,2025-06-03,2025-06-03 08:58:39,2025-06-03 08:58:39
62,4조014073,572879,2025-06-03,2025-06-03 08:58:40,2025-06-03 08:58:40
63,4조335226,791181,2025-06-03,2025-06-03 08:58:41,2025-06-03 08:58:41
64,5조676003,855524,2025-06-03,2025-06-03 08:58:42,2025-06-03 08:58:42
65,4조732375,020321,2025-06-03,2025-06-03 08:58:44,2025-06-03 08:58:44
66,4조990834,364914,2025-06-03,2025-06-03 08:58:45,2025-06-03 08:58:45
67,3조807531,137560,2025-06-03,2025-06-03 08:58:46,2025-06-03 08:58:46
68,5조191075,218776,2025-06-03,2025-06-03 08:58:47,2025-06-03 08:58:47
69,4조775530,033385,2025-06-03,2025-06-03 08:58:48,2025-06-03 08:58:48
70,1조248672,946377,2025-06-03,2025-06-03 08:58:50,2025-06-03 08:58:50
71,1조159486,881938,2025-06-03,2025-06-03 08:58:51,2025-06-03 08:58:51
72,2조114687,047913,2025-06-03,2025-06-03 08:58:52,2025-06-03 08:58:52
73,1조501026,222247,2025-06-03,2025-06-03 08:58:53,2025-06-03 08:58:53
74,2조256789,832659,2025-06-03,2025-06-03 08:58:54,2025-06-03 08:58:54
75,3조658340,766103,2025-06-03,2025-06-03 08:58:56,2025-06-03 08:58:56
76,1조890966,949325,2025-06-03,2025-06-03 08:58:57,2025-06-03 08:58:57
77,5조436305,294693,2025-06-03,2025-06-03 08:58:58,2025-06-03 08:58:58
78,2조515884,917998,2025-06-03,2025-06-03 08:58:59,2025-06-03 08:58:59
79,5조408379,067084,2025-06-03,2025-06-03 08:59:00,2025-06-03 08:59:00
80,1조641358,983274,2025-06-03,2025-06-03 08:59:01,2025-06-03 08:59:01
81,1조971511,600139,2025-06-03,2025-06-03 08:59:03,2025-06-03 08:59:03
82,4조935053,768102,2025-06-03,2025-06-03 08:59:04,2025-06-03 08:59:04
83,3조136128,806794,2025-06-03,2025-06-03 08:59:05,2025-06-03 08:59:05
84,4조580148,775986,2025-06-03,2025-06-03 08:59:06,2025-06-03 08:59:06
85,5조338407,167750,2025-06-03,2025-06-03 08:59:07,2025-06-03 08:59:07
86,5조950320,094504,2025-06-03,2025-06-03 08:59:09,2025-06-03 08:59:09
87,4조740942,511955,2025-06-03,2025-06-03 08:59:10,2025-06-03 08:59:10
88,2조329695,565110,2025-06-03,2025-06-03 08:59:11,2025-06-03 08:59:11
89,4조585449,106050,2025-06-03,2025-06-03 08:59:12,2025-06-03 08:59:12
90,5조235858,408032,2025-06-03,2025-06-03 08:59:13,2025-06-03 08:59:13
91,3조586054,554710,2025-06-03,2025-06-03 08:59:15,2025-06-03 08:59:15
92,4조487381,878068,2025-06-03,2025-06-03 08:59:16,2025-06-03 08:59:16
93,4조180249,831894,2025-06-03,2025-06-03 08:59:17,2025-06-03 08:59:17
94,1조807121,481216,2025-06-03,2025-06-03 08:59:18,2025-06-03 08:59:18
95,5조841331,997309,2025-06-03,2025-06-03 08:59:19,2025-06-03 08:59:19
96,2조330481,101248,2025-06-03,2025-06-03 08:59:21,2025-06-03 08:59:21
97,1조783688,397712,2025-06-03,2025-06-03 08:59:22,2025-06-03 08:59:22
98,4조707437,981617,2025-06-03,2025-06-03 08:59:23,2025-06-03 08:59:23
99,3조202997,660276,2025-06-03,2025-06-03 08:59:24,2025-06-03 08:59:24
100,4조419399,484136,2025-06-03,2025-06-03 08:59:25,2025-06-03 08:59:25
101,4조068561,656267,2025-06-03,2025-06-03 08:59:27,2025-06-03 08:59:27
102,3조030569,844643,2025-06-03,2025-06-03 08:59:28,2025-06-03 08:59:28
103,4조786276,763443,2025-06-03,2025-06-03 08:59:29,2025-06-03 08:59:29
104,2조689922,739545,2025-06-03,2025-06-03 08:59:30,2025-06-03 08:59:30
105,1조180506,051630,2025-06-03,2025-06-03 08:59:31,2025-06-03 08:59:31
106,5조307695,979966,2025-06-03,2025-06-03 08:59:32,2025-06-03 08:59:32
107,3조192750,896659,2025-06-03,2025-06-03 08:59:34,2025-06-03 08:59:34
108,3조605195,714758,2025-06-03,2025-06-03 08:59:35,2025-06-03 08:59:35
109,3조164115,673876,2025-06-03,2025-06-03 08:59:36,2025-06-03 08:59:36
110,5조542980,364714,2025-06-03,2025-06-03 08:59:37,2025-06-03 08:59:37
111,1조393588,543825,2025-06-03,2025-06-03 08:59:38,2025-06-03 08:59:38
112,3조802007,279142,2025-06-03,2025-06-03 08:59:39,2025-06-03 08:59:39
113,3조248855,458693,2025-06-03,2025-06-03 08:59:41,2025-06-03 08:59:41
114,2조699286,002905,2025-06-03,2025-06-03 08:59:42,2025-06-03 08:59:42
115,2조749063,738687,2025-06-03,2025-06-03 08:59:43,2025-06-03 08:59:43
116,2조641770,215051,2025-06-03,2025-06-03 08:59:44,2025-06-03 08:59:44
117,4조269117,349900,2025-06-03,2025-06-03 08:59:45,2025-06-03 08:59:45
118,1조929977,378112,2025-06-03,2025-06-03 08:59:47,2025-06-03 08:59:47
119,4조088257,484266,2025-06-03,2025-06-03 08:59:48,2025-06-03 08:59:48
120,2조218556,265427,2025-06-03,2025-06-03 08:59:49,2025-06-03 08:59:49
121,5조444520,939504,2025-06-03,2025-06-03 08:59:50,2025-06-03 08:59:50
122,1조016841,097530,2025-06-03,2025-06-03 08:59:51,2025-06-03 08:59:51
123,3조938423,894953,2025-06-03,2025-06-03 08:59:52,2025-06-03 08:59:52
124,5조311244,434462,2025-06-03,2025-06-03 08:59:54,2025-06-03 08:59:54
125,5조845390,010812,2025-06-03,2025-06-03 08:59:55,2025-06-03 08:59:55
126,5조559830,610846,2025-06-03,2025-06-03 08:59:56,2025-06-03 08:59:56
127,3조905658,600726,2025-06-03,2025-06-03 08:59:57,2025-06-03 08:59:57
128,3조923864,676353,2025-06-03,2025-06-03 08:59:58,2025-06-03 08:59:58
129,1조619003,160845,2025-06-03,2025-06-03 08:59:59,2025-06-03 08:59:59
130,3조737747,982003,2025-06-03,2025-06-03 09:00:01,2025-06-03 09:00:01
131,5조852265,054600,2025-06-03,2025-06-03 09:00:02,2025-06-03 09:00:02
132,1조338822,980312,2025-06-03,2025-06-03 09:00:03,2025-06-03 09:00:03
133,1조107523,464693,2025-06-03,2025-06-03 09:00:04,2025-06-03 09:00:04
134,1조047022,904394,2025-06-03,2025-06-03 09:00:05,2025-06-03 09:00:05
135,2조400876,480190,2025-06-03,2025-06-03 09:00:06,2025-06-03 09:00:06
136,5조587411,430827,2025-06-03,2025-06-03 09:00:08,2025-06-03 09:00:08
137,1조873784,609795,2025-06-03,2025-06-03 09:00:09,2025-06-03 09:00:09
138,1조393066,269254,2025-06-03,2025-06-03 09:00:10,2025-06-03 09:00:10
139,1조201688,056960,2025-06-03,2025-06-03 09:00:11,2025-06-03 09:00:11
140,4조469185,832940,2025-06-03,2025-06-03 09:00:12,2025-06-03 09:00:12
141,4조895352,686221,2025-06-03,2025-06-03 09:00:13,2025-06-03 09:00:13
142,2조852960,767662,2025-06-03,2025-06-03 09:00:15,2025-06-03 09:00:15
143,5조459979,933888,2025-06-03,2025-06-03 09:00:16,2025-06-03 09:00:16
144,5조849681,007544,2025-06-03,2025-06-03 09:00:17,2025-06-03 09:00:17
145,2조221111,103714,2025-06-03,2025-06-03 09:00:18,2025-06-03 09:00:18
146,1조643570,357651,2025-06-03,2025-06-03 09:00:19,2025-06-03 09:00:19
147,4조838380,708673,2025-06-03,2025-06-03 09:00:21,2025-06-03 09:00:21
148,1조826930,312717,2025-06-03,2025-06-03 09:00:22,2025-06-03 09:00:22
149,5조378296,042521,2025-06-03,2025-06-03 09:00:23,2025-06-03 09:00:23
150,3조365343,512134,2025-06-03,2025-06-03 09:00:24,2025-06-03 09:00:24
151,4조256502,884688,2025-06-03,2025-06-03 09:00:25,2025-06-03 09:00:25
152,3조905531,787836,2025-06-03,2025-06-03 09:00:26,2025-06-03 09:00:26
153,1조977038,455399,2025-06-03,2025-06-03 09:00:28,2025-06-03 09:00:28
154,3조826393,710212,2025-06-03,2025-06-03 09:00:29,2025-06-03 09:00:29
155,4조739586,512376,2025-06-03,2025-06-03 09:00:30,2025-06-03 09:00:30
156,1조071712,771390,2025-06-03,2025-06-03 09:00:31,2025-06-03 09:00:31
157,5조243430,816580,2025-06-03,2025-06-03 09:00:32,2025-06-03 09:00:32
158,2조357856,177555,2025-06-03,2025-06-03 09:00:34,2025-06-03 09:00:34
159,3조846581,957574,2025-06-03,2025-06-03 09:00:35,2025-06-03 09:00:35
160,5조440286,856561,2025-06-03,2025-06-03 09:00:36,2025-06-03 09:00:36
161,3조055838,049140,2025-06-03,2025-06-03 09:00:37,2025-06-03 09:00:37
162,2조802493,216363,2025-06-03,2025-06-03 09:00:38,2025-06-03 09:00:38
163,1조711067,102865,2025-06-03,2025-06-03 09:00:40,2025-06-03 09:00:40
164,1조972349,991515,2025-06-03,2025-06-03 09:00:41,2025-06-03 09:00:41
165,1조718273,910041,2025-06-03,2025-06-03 09:00:42,2025-06-03 09:00:42
166,4조342103,382956,2025-06-03,2025-06-03 09:00:43,2025-06-03 09:00:43
167,3조475016,297615,2025-06-03,2025-06-03 09:00:44,2025-06-03 09:00:44
168,2조970731,541237,2025-06-03,2025-06-03 09:00:45,2025-06-03 09:00:45
169,3조924748,588050,2025-06-03,2025-06-03 09:00:47,2025-06-03 09:00:47
170,2조965178,037262,2025-06-03,2025-06-03 09:00:48,2025-06-03 09:00:48
171,2조844578,735284,2025-06-03,2025-06-03 09:00:49,2025-06-03 09:00:49
172,1조092138,668183,2025-06-03,2025-06-03 09:00:50,2025-06-03 09:00:50
173,3조803757,689970,2025-06-03,2025-06-03 09:00:52,2025-06-03 09:00:52
174,2조876021,303134,2025-06-03,2025-06-03 09:00:53,2025-06-03 09:00:53
175,5조765740,885824,2025-06-03,2025-06-03 09:00:54,2025-06-03 09:00:54
176,3조858952,376170,2025-06-03,2025-06-03 09:00:55,2025-06-03 09:00:55
177,3조105948,269313,2025-06-03,2025-06-03 09:00:56,2025-06-03 09:00:56
178,3조004687,212701,2025-06-03,2025-06-03 09:00:58,2025-06-03 09:00:58
179,2조947176,429189,2025-06-03,2025-06-03 09:00:59,2025-06-03 09:00:59
180,3조836838,349504,2025-06-03,2025-06-03 09:01:00,2025-06-03 09:01:00
181,3조550104,115474,2025-06-03,2025-06-03 09:01:01,2025-06-03 09:01:01
182,1조993750,772427,2025-06-03,2025-06-03 09:01:03,2025-06-03 09:01:03
183,4조321423,306633,2025-06-03,2025-06-03 09:01:04,2025-06-03 09:01:04
184,3조646362,443317,2025-06-03,2025-06-03 09:01:05,2025-06-03 09:01:05
185,4조577418,628266,2025-06-03,2025-06-03 09:01:06,2025-06-03 09:01:06
186,5조616814,212250,2025-06-03,2025-06-03 09:01:07,2025-06-03 09:01:07
187,5조200473,809797,2025-06-03,2025-06-03 09:01:09,2025-06-03 09:01:09
188,5조502522,957460,2025-06-03,2025-06-03 09:01:10,2025-06-03 09:01:10
189,4조466557,212372,2025-06-03,2025-06-03 09:01:11,2025-06-03 09:01:11
190,2조850365,730462,2025-06-03,2025-06-03 09:01:12,2025-06-03 09:01:12
191,4조296430,883654,2025-06-03,2025-06-03 09:01:13,2025-06-03 09:01:13
192,2조034210,718715,2025-06-03,2025-06-03 09:01:15,2025-06-03 09:01:15
193,2조491905,454185,2025-06-03,2025-06-03 09:01:16,2025-06-03 09:01:16
194,5조461102,840423,2025-06-03,2025-06-03 09:01:17,2025-06-03 09:01:17
195,4조531307,118693,2025-06-03,2025-06-03 09:01:18,2025-06-03 09:01:18
196,4조113393,349078,2025-06-03,2025-06-03 09:01:19,2025-06-03 09:01:19
197,4조966616,200861,2025-06-03,2025-06-03 09:01:20,2025-06-03 09:01:20
198,2조437803,620125,2025-06-03,2025-06-03 09:01:22,2025-06-03 09:01:22
199,4조103633,175709,2025-06-03,2025-06-03 09:01:23,2025-06-03 09:01:23
200,5조146362,260054,2025-06-03,2025-06-03 09:01:24,2025-06-03 09:01:24
201,1조472675,551745,2025-06-03,2025-06-03 09:01:25,2025-06-03 09:01:25
202,2조419093,193778,2025-06-03,2025-06-03 09:01:26,2025-06-03 09:01:26
203,3조453064,178824,2025-06-03,2025-06-03 09:01:28,2025-06-03 09:01:28
204,5조756397,738072,2025-06-03,2025-06-03 09:01:29,2025-06-03 09:01:29
205,1조472377,935471,2025-06-03,2025-06-03 09:01:30,2025-06-03 09:01:30
206,3조489075,587695,2025-06-03,2025-06-03 09:01:31,2025-06-03 09:01:31
207,3조211988,396540,2025-06-03,2025-06-03 09:01:32,2025-06-03 09:01:32
208,1조879829,039636,2025-06-03,2025-06-03 09:01:34,2025-06-03 09:01:34
209,4조998750,135188,2025-06-03,2025-06-03 09:01:35,2025-06-03 09:01:35
210,3조040662,941419,2025-06-03,2025-06-03 09:01:36,2025-06-03 09:01:36
211,1조960554,327793,2025-06-03,2025-06-03 09:01:37,2025-06-03 09:01:37
212,2조111915,481240,2025-06-03,2025-06-03 09:01:38,2025-06-03 09:01:38
213,1조156049,164947,2025-06-03,2025-06-03 09:01:40,2025-06-03 09:01:40
214,1조718766,087547,2025-06-03,2025-06-03 09:01:41,2025-06-03 09:01:41
215,1조849572,354129,2025-06-03,2025-06-03 09:01:42,2025-06-03 09:01:42
216,5조326117,248841,2025-06-03,2025-06-03 09:01:43,2025-06-03 09:01:43
217,5조817509,060717,2025-06-03,2025-06-03 09:01:44,2025-06-03 09:01:44
218,5조263338,885924,2025-06-03,2025-06-03 09:01:45,2025-06-03 09:01:45
219,5조425483,400155,2025-06-03,2025-06-03 09:01:47,2025-06-03 09:01:47
220,4조444739,171481,2025-06-03,2025-06-03 09:01:48,2025-06-03 09:01:48
221,5조131347,064200,2025-06-03,2025-06-03 09:01:49,2025-06-03 09:01:49
222,5조058627,651311,2025-06-03,2025-06-03 09:01:50,2025-06-03 09:01:50
223,5조279895,394453,2025-06-03,2025-06-03 09:01:51,2025-06-03 09:01:51
224,4조938763,760145,2025-06-03,2025-06-03 09:01:53,2025-06-03 09:01:53
225,3조245914,256347,2025-06-03,2025-06-03 09:01:54,2025-06-03 09:01:54
226,1조502275,940119,2025-06-03,2025-06-03 09:01:55,2025-06-03 09:01:55
227,5조068516,989890,2025-06-03,2025-06-03 09:01:56,2025-06-03 09:01:56
228,4조127317,906415,2025-06-03,2025-06-03 09:01:57,2025-06-03 09:01:57
229,1조441510,231818,2025-06-03,2025-06-03 09:01:58,2025-06-03 09:01:58
230,2조817209,127701,2025-06-03,2025-06-03 09:02:00,2025-06-03 09:02:00
231,3조660621,476220,2025-06-03,2025-06-03 09:02:01,2025-06-03 09:02:01
232,1조868476,117342,2025-06-03,2025-06-03 09:02:02,2025-06-03 09:02:02
233,4조378868,336899,2025-06-03,2025-06-03 09:02:03,2025-06-03 09:02:03
234,4조658373,240662,2025-06-03,2025-06-03 09:02:04,2025-06-03 09:02:04
235,4조817148,349458,2025-06-03,2025-06-03 09:02:06,2025-06-03 09:02:06
236,4조444431,874258,2025-06-03,2025-06-03 09:02:07,2025-06-03 09:02:07
237,5조793969,045886,2025-06-03,2025-06-03 09:02:08,2025-06-03 09:02:08
238,5조988942,291070,2025-06-03,2025-06-03 09:02:09,2025-06-03 09:02:09
239,4조277326,160764,2025-06-03,2025-06-03 09:02:11,2025-06-03 09:02:11
240,4조446648,761555,2025-06-03,2025-06-03 09:02:12,2025-06-03 09:02:12
241,2조106716,987868,2025-06-03,2025-06-03 09:02:13,2025-06-03 09:02:13
242,1조323164,436966,2025-06-03,2025-06-03 09:02:14,2025-06-03 09:02:14
243,2조084982,824649,2025-06-03,2025-06-03 09:02:15,2025-06-03 09:02:15
244,5조033337,223594,2025-06-03,2025-06-03 09:02:17,2025-06-03 09:02:17
245,1조179273,070373,2025-06-03,2025-06-03 09:02:18,2025-06-03 09:02:18
246,3조176069,562760,2025-06-03,2025-06-03 09:02:19,2025-06-03 09:02:19
247,2조490590,523374,2025-06-03,2025-06-03 09:02:20,2025-06-03 09:02:20
248,2조024992,888928,2025-06-03,2025-06-03 09:02:21,2025-06-03 09:02:21
249,1조090785,295846,2025-06-03,2025-06-03 09:02:23,2025-06-03 09:02:23
250,3조437950,492591,2025-06-03,2025-06-03 09:02:24,2025-06-03 09:02:24
251,4조346196,305190,2025-06-03,2025-06-03 09:02:25,2025-06-03 09:02:25
252,4조002228,615847,2025-06-03,2025-06-03 09:02:26,2025-06-03 09:02:26
253,4조484010,921069,2025-06-03,2025-06-03 09:02:27,2025-06-03 09:02:27
254,5조045083,829316,2025-06-03,2025-06-03 09:02:29,2025-06-03 09:02:29
255,4조941271,891569,2025-06-03,2025-06-03 09:02:30,2025-06-03 09:02:30
256,5조584766,812700,2025-06-03,2025-06-03 09:02:31,2025-06-03 09:02:31
257,3조566239,188189,2025-06-03,2025-06-03 09:02:32,2025-06-03 09:02:32
258,1조265256,581267,2025-06-03,2025-06-03 09:02:33,2025-06-03 09:02:33
259,3조707288,215109,2025-06-03,2025-06-03 09:02:34,2025-06-03 09:02:34
260,1조235108,595288,2025-06-03,2025-06-03 09:02:36,2025-06-03 09:02:36
261,1조844061,915574,2025-06-03,2025-06-03 09:02:37,2025-06-03 09:02:37
262,3조564583,074356,2025-06-03,2025-06-03 09:02:38,2025-06-03 09:02:38
263,5조162265,213377,2025-06-03,2025-06-03 09:02:39,2025-06-03 09:02:39
264,2조063053,250143,2025-06-03,2025-06-03 09:02:41,2025-06-03 09:02:41
265,5조802320,036379,2025-06-03,2025-06-03 09:02:42,2025-06-03 09:02:42
